{
  "TARIFAS": [
    {
      "sheet_name": "TARIFAS",
      "table_index": 0,
      "start_row": 0,
      "end_row": 6,
      "start_col": 0,
      "end_col": 7,
      "data": [
        {
          "DESCRIPCIÓN": "Planes abiertos desde App Davivienda",
          "PLAN G - ZERO PARA CUENTA MOVIL": "$0",
          "PLAN PLUS PARA CUENTA MOVIL": "$8.990",
          "PLAN PREMIER PARA CUENTA MÓVIL": "$15.000",
          "APLICA IVA": "Si",
          "FRECUENCIA": "Mensual",
          "DISCLAIMER": NaN
        },
        {
          "DESCRIPCIÓN": "Tarjeta débito Digital ",
          "PLAN G - ZERO PARA CUENTA MOVIL": "$0",
          "PLAN PLUS PARA CUENTA MOVIL": "$0",
          "PLAN PREMIER PARA CUENTA MÓVIL": "$0",
          "APLICA IVA": "No Aplica",
          "FRECUENCIA": "Unica vez",
          "DISCLAIMER": NaN
        },
        {
          "DESCRIPCIÓN": "Retiro por ventanilla en oficina diferente a la de radicación de la cuenta con talonario o libreta*",
          "PLAN G - ZERO PARA CUENTA MOVIL": "$0",
          "PLAN PLUS PARA CUENTA MOVIL": "$0",
          "PLAN PREMIER PARA CUENTA MÓVIL": "$0",
          "APLICA IVA": "No Aplica",
          "FRECUENCIA": "Por transacción",
          "DISCLAIMER": "*LEY 2009 DEL 27 DICIEMBRE DE 2019 \n SERVICIOS GRATUITOS POR PAGO DE CUOTA DE MANEJO CUENTA AHORROS (Aplica únicamente  para cuenta con apertura digital"
        },
        {
          "DESCRIPCIÓN": "Talonario o libreta para cuentas de ahorro *",
          "PLAN G - ZERO PARA CUENTA MOVIL": "$0",
          "PLAN PLUS PARA CUENTA MOVIL": "$0",
          "PLAN PREMIER PARA CUENTA MÓVIL": "$0",
          "APLICA IVA": "No Aplica",
          "FRECUENCIA": "Por transacción",
          "DISCLAIMER": "*LEY 2009 DEL 27 DICIEMBRE DE 2019 \n SERVICIOS GRATUITOS POR PAGO DE CUOTA DE MANEJO CUENTA AHORROS (Aplica únicamente  para cuenta con apertura digital"
        },
        {
          "DESCRIPCIÓN": "Expedición cheque de gerencia*",
          "PLAN G - ZERO PARA CUENTA MOVIL": "$0",
          "PLAN PLUS PARA CUENTA MOVIL": "$0",
          "PLAN PREMIER PARA CUENTA MÓVIL": "$0",
          "APLICA IVA": "No Aplica",
          "FRECUENCIA": "Por transacción",
          "DISCLAIMER": "*LEY 2009 DEL 27 DICIEMBRE DE 2019 \n SERVICIOS GRATUITOS POR PAGO DE CUOTA DE MANEJO CUENTA AHORROS (Aplica únicamente  para cuenta con apertura digital"
        }
      ],
      "table_name": "TARIFAS_DESCRIPCIÓN",
      "header_row": {
        "Unnamed: 0": "DESCRIPCIÓN",
        "Unnamed: 1": "PLAN G - ZERO PARA CUENTA MOVIL",
        "Unnamed: 2": "PLAN PLUS PARA CUENTA MOVIL",
        "Unnamed: 3": "PLAN PREMIER PARA CUENTA MÓVIL",
        "Unnamed: 4": "APLICA IVA",
        "Unnamed: 5": "FRECUENCIA",
        "Unnamed: 6": "DISCLAIMER"
      }
    },
    {
      "sheet_name": "TARIFAS",
      "table_index": 1,
      "start_row": 6,
      "end_row": 18,
      "start_col": 0,
      "end_col": 5,
      "data": [
        {
          "DESCRIPCIÓN": "Cuenta de ahorros Tradicional",
          "VALOR (Sin IVA)": "$15.600",
          "APLICA IVA": "Si",
          "FRECUENCIA": "Mensual",
          "DISCLAIMER": NaN
        },
        {
          "DESCRIPCIÓN": "Cuenta de ahorros Nómina",
          "VALOR (Sin IVA)": "Desde $0**",
          "APLICA IVA": "Si",
          "FRECUENCIA": "Mensual",
          "DISCLAIMER": NaN
        },
        {
          "DESCRIPCIÓN": "Cuenta de ahorros Rural",
          "VALOR (Sin IVA)": "$15.600",
          "APLICA IVA": "Si",
          "FRECUENCIA": "Mensual",
          "DISCLAIMER": NaN
        },
        {
          "DESCRIPCIÓN": "Cuenta de ahorros Rentable (6 Primeros Meses Gratis)",
          "VALOR (Sin IVA)": "$15.600",
          "APLICA IVA": "Si",
          "FRECUENCIA": "Mensual",
          "DISCLAIMER": NaN
        },
        {
          "DESCRIPCIÓN": "Cuenta de ahorros niños",
          "VALOR (Sin IVA)": "$0",
          "APLICA IVA": "No Aplica",
          "FRECUENCIA": "Mensual",
          "DISCLAIMER": NaN
        },
        {
          "DESCRIPCIÓN": "Cuenta Corriente",
          "VALOR (Sin IVA)": "$15.600",
          "APLICA IVA": "Si",
          "FRECUENCIA": "Mensual",
          "DISCLAIMER": NaN
        },
        {
          "DESCRIPCIÓN": "Tarjeta Débito Para Cuenta Digital \n(Aplican Los Demás Cobros Transaccionales De Una Cuenta De Ahorros Tradicional)",
          "VALOR (Sin IVA)": "$6.400",
          "APLICA IVA": "Si",
          "FRECUENCIA": "Mensual",
          "DISCLAIMER": NaN
        },
        {
          "DESCRIPCIÓN": "Tradicional Y Cuenta Rural asociadas a mi Comercio",
          "VALOR (Sin IVA)": "$0",
          "APLICA IVA": "No Aplica",
          "FRECUENCIA": "Mensual",
          "DISCLAIMER": NaN
        },
        {
          "DESCRIPCIÓN": "Consultas En Red Propia*",
          "VALOR (Sin IVA)": "$0",
          "APLICA IVA": "No Aplica",
          "FRECUENCIA": "Por transacción",
          "DISCLAIMER": "*LEY 2009 DEL 27 DICIEMBRE DE 2019\n SERVICIOS GRATUITOS POR PAGO DE CUOTA DE MANEJO TARJETA DÉBITO                \n"
        },
        {
          "DESCRIPCIÓN": "Certificación Bancaria*",
          "VALOR (Sin IVA)": "$0",
          "APLICA IVA": "No Aplica",
          "FRECUENCIA": "Por transacción",
          "DISCLAIMER": "*LEY 2009 DEL 27 DICIEMBRE DE 2019\n SERVICIOS GRATUITOS POR PAGO DE CUOTA DE MANEJO TARJETA DÉBITO                \n"
        },
        {
          "DESCRIPCIÓN": "Copia De Extractos En Papel Y Por Internet*",
          "VALOR (Sin IVA)": "$0",
          "APLICA IVA": "No Aplica",
          "FRECUENCIA": "Por transacción",
          "DISCLAIMER": "*LEY 2009 DEL 27 DICIEMBRE DE 2019\n SERVICIOS GRATUITOS POR PAGO DE CUOTA DE MANEJO TARJETA DÉBITO                \n"
        }
      ],
      "table_name": "TARIFAS_DESCRIPCIÓN",
      "header_row": {
        "Unnamed: 0": "DESCRIPCIÓN",
        "Unnamed: 1": "VALOR (Sin IVA)",
        "Unnamed: 2": "APLICA IVA",
        "Unnamed: 3": "FRECUENCIA",
        "Unnamed: 4": "DISCLAIMER"
      }
    },
    {
      "sheet_name": "TARIFAS",
      "table_index": 2,
      "start_row": 18,
      "end_row": 27,
      "start_col": 0,
      "end_col": 5,
      "data": [
        {
          "DESCRIPCIÓN": "Cajeros automaticos Multifuncionales Davivienda",
          "VALOR (Sin IVA)": "$0",
          "APLICA IVA": "No Aplica",
          "FRECUENCIA": "Por transaccion",
          "SUBTIPO": "Depositos y Consignaciones"
        },
        {
          "DESCRIPCIÓN": "Corresponsales bancarios",
          "VALOR (Sin IVA)": "$0",
          "APLICA IVA": "No Aplica",
          "FRECUENCIA": "Por transaccion",
          "SUBTIPO": "Depositos y Consignaciones"
        },
        {
          "DESCRIPCIÓN": "Deposito ó consignacion nacional y pago nacional de cheques",
          "VALOR (Sin IVA)": "$16.750",
          "APLICA IVA": "No Aplica",
          "FRECUENCIA": "Por transaccion",
          "SUBTIPO": "Depositos y Consignaciones"
        },
        {
          "DESCRIPCIÓN": "Entre Cuentas Davivienda Propias y de Terceros",
          "VALOR (Sin IVA)": "$0",
          "APLICA IVA": "No Aplica",
          "FRECUENCIA": "Por transaccion",
          "SUBTIPO": "Transferencias Recibidas"
        },
        {
          "DESCRIPCIÓN": "Transfiera en linea a su cuentas desde otros Bancos por PSE ",
          "VALOR (Sin IVA)": "$0",
          "APLICA IVA": "No Aplica",
          "FRECUENCIA": "Por transaccion",
          "SUBTIPO": "Transferencias Recibidas"
        },
        {
          "DESCRIPCIÓN": "Recibir Dinero Por Transfiya ",
          "VALOR (Sin IVA)": "$0",
          "APLICA IVA": "No Aplica",
          "FRECUENCIA": "Por transaccion",
          "SUBTIPO": "Transferencias Recibidas"
        },
        {
          "DESCRIPCIÓN": "Recibir Dinero con llaves",
          "VALOR (Sin IVA)": "$0",
          "APLICA IVA": "No Aplica",
          "FRECUENCIA": "Por transaccion",
          "SUBTIPO": "Transferencias Recibidas"
        },
        {
          "DESCRIPCIÓN": "Recibir Dinero desde otros Bancos por ACH",
          "VALOR (Sin IVA)": "$0",
          "APLICA IVA": "No Aplica",
          "FRECUENCIA": "Por transaccion",
          "SUBTIPO": "Transferencias Recibidas"
        }
      ],
      "table_name": "TARIFAS_DESCRIPCIÓN",
      "header_row": {
        "Unnamed: 0": "DESCRIPCIÓN",
        "Unnamed: 1": "VALOR (Sin IVA)",
        "Unnamed: 2": "APLICA IVA",
        "Unnamed: 3": "FRECUENCIA",
        "Unnamed: 4": "SUBTIPO"
      }
    },
    {
      "sheet_name": "TARIFAS",
      "table_index": 3,
      "start_row": 27,
      "end_row": 34,
      "start_col": 0,
      "end_col": 6,
      "data": [
        {
          "DESCRIPCIÓN": "Entre Cuentas Davivienda Propias,  de Terceros y Daviplata desde APP Davivienda, Web Davivienda  ó Telefono Rojo",
          "PLAN G - ZERO PARA CUENTA MOVIL\n (Sin Iva)": "$0",
          "PLAN PLUS PARA CUENTA MOVIL \n (Sin Iva)": "$0",
          "PLAN PREMIER PARA CUENTA MÓVIL\n (Sin Iva)": "$0",
          "APLICA IVA": "No Aplica",
          "FRECUENCIA": "Por transaccion"
        },
        {
          "DESCRIPCIÓN": "Enviar Dinero a otros Bancos por Transfiya",
          "PLAN G - ZERO PARA CUENTA MOVIL\n (Sin Iva)": "$0",
          "PLAN PLUS PARA CUENTA MOVIL \n (Sin Iva)": "$0",
          "PLAN PREMIER PARA CUENTA MÓVIL\n (Sin Iva)": "$0",
          "APLICA IVA": "No Aplica",
          "FRECUENCIA": "Por transaccion"
        },
        {
          "DESCRIPCIÓN": "Enviar Dinero por transferir por llaves",
          "PLAN G - ZERO PARA CUENTA MOVIL\n (Sin Iva)": "$0",
          "PLAN PLUS PARA CUENTA MOVIL \n (Sin Iva)": "$0",
          "PLAN PREMIER PARA CUENTA MÓVIL\n (Sin Iva)": "$0",
          "APLICA IVA": "No Aplica",
          "FRECUENCIA": "Por transaccion"
        },
        {
          "DESCRIPCIÓN": "Enviar Dinero a otros Bancos por ACH",
          "PLAN G - ZERO PARA CUENTA MOVIL\n (Sin Iva)": "$7.510",
          "PLAN PLUS PARA CUENTA MOVIL \n (Sin Iva)": "$7.510",
          "PLAN PREMIER PARA CUENTA MÓVIL\n (Sin Iva)": "3 incluidos sin costo. $.7510 por transferencia adicional",
          "APLICA IVA": "Si",
          "FRECUENCIA": "Por transaccion"
        },
        {
          "DESCRIPCIÓN": "Viajeras en Oficinas Davivienda entre Cuentas Propias y de Terceros",
          "PLAN G - ZERO PARA CUENTA MOVIL\n (Sin Iva)": "$15.570",
          "PLAN PLUS PARA CUENTA MOVIL \n (Sin Iva)": "$15.570",
          "PLAN PREMIER PARA CUENTA MÓVIL\n (Sin Iva)": "$15.570",
          "APLICA IVA": "Si",
          "FRECUENCIA": "Por transaccion"
        },
        {
          "DESCRIPCIÓN": "Entre Cuentas Davivienda Propias y de Terceros en Oficinas ",
          "PLAN G - ZERO PARA CUENTA MOVIL\n (Sin Iva)": "$9.980",
          "PLAN PLUS PARA CUENTA MOVIL \n (Sin Iva)": "$9.980",
          "PLAN PREMIER PARA CUENTA MÓVIL\n (Sin Iva)": "$9.980",
          "APLICA IVA": "Si",
          "FRECUENCIA": "Por transaccion"
        }
      ],
      "table_name": "TARIFAS_DESCRIPCIÓN",
      "header_row": {
        "Unnamed: 0": "DESCRIPCIÓN",
        "Unnamed: 1": "PLAN G - ZERO PARA CUENTA MOVIL\n (Sin Iva)",
        "Unnamed: 2": "PLAN PLUS PARA CUENTA MOVIL \n (Sin Iva)",
        "Unnamed: 3": "PLAN PREMIER PARA CUENTA MÓVIL\n (Sin Iva)",
        "Unnamed: 4": "APLICA IVA",
        "Unnamed: 5": "FRECUENCIA"
      }
    },
    {
      "sheet_name": "TARIFAS",
      "table_index": 4,
      "start_row": 34,
      "end_row": 44,
      "start_col": 0,
      "end_col": 6,
      "data": [
        {
          "DESCRIPCIÓN": "Cajeros automaticos Davivienda con tarjeta Debito",
          "PLAN G - ZERO PARA CUENTA MOVIL": "$2.800",
          "PLAN PLUS PARA CUENTA MOVIL": "4 incluidos sin costo. $2.800 por retiro adicional",
          "PLAN PREMIER PARA CUENTA MÓVIL": "Incluidos e ilimitados",
          "APLICA IVA": "No Aplica",
          "FRECUENCIA": "Por transaccion"
        },
        {
          "DESCRIPCIÓN": "Cajeros automaticos Davivienda sin medio",
          "PLAN G - ZERO PARA CUENTA MOVIL": "$0",
          "PLAN PLUS PARA CUENTA MOVIL": "$0",
          "PLAN PREMIER PARA CUENTA MÓVIL": "$0",
          "APLICA IVA": "No Aplica",
          "FRECUENCIA": "Por transaccion"
        },
        {
          "DESCRIPCIÓN": "Corresponsales bancarios",
          "PLAN G - ZERO PARA CUENTA MOVIL": "$2.400",
          "PLAN PLUS PARA CUENTA MOVIL": "$2.400",
          "PLAN PREMIER PARA CUENTA MÓVIL": "$2.400",
          "APLICA IVA": "Si",
          "FRECUENCIA": "Por transaccion"
        },
        {
          "DESCRIPCIÓN": "Oficinas Davivienda con tarjeta débito",
          "PLAN G - ZERO PARA CUENTA MOVIL": "$14.000",
          "PLAN PLUS PARA CUENTA MOVIL": "$14.000",
          "PLAN PREMIER PARA CUENTA MÓVIL": "$14.000",
          "APLICA IVA": "No Aplica",
          "FRECUENCIA": "Por transaccion"
        },
        {
          "DESCRIPCIÓN": "Oficinas Davivienda sin medio",
          "PLAN G - ZERO PARA CUENTA MOVIL": "$14.200",
          "PLAN PLUS PARA CUENTA MOVIL": "$14.200",
          "PLAN PREMIER PARA CUENTA MÓVIL": "$14.200",
          "APLICA IVA": "Si",
          "FRECUENCIA": "Por transaccion"
        },
        {
          "DESCRIPCIÓN": "Oficinas Davivienda expedición cheque de Gerencia ",
          "PLAN G - ZERO PARA CUENTA MOVIL": "$0",
          "PLAN PLUS PARA CUENTA MOVIL": "$0",
          "PLAN PREMIER PARA CUENTA MÓVIL": "$0",
          "APLICA IVA": "No Aplica",
          "FRECUENCIA": "Por transaccion"
        },
        {
          "DESCRIPCIÓN": "Oficinas Davivienda con tarjeta débito \n( diferente oficina de radicación)",
          "PLAN G - ZERO PARA CUENTA MOVIL": "$16.700",
          "PLAN PLUS PARA CUENTA MOVIL": "$16.700",
          "PLAN PREMIER PARA CUENTA MÓVIL": "$16.700",
          "APLICA IVA": "Si",
          "FRECUENCIA": "Por transaccion"
        },
        {
          "DESCRIPCIÓN": "Cajeros automaticos internacionales",
          "PLAN G - ZERO PARA CUENTA MOVIL": "$20.000",
          "PLAN PLUS PARA CUENTA MOVIL": "$20.000",
          "PLAN PREMIER PARA CUENTA MÓVIL": "$20.000",
          "APLICA IVA": "No Aplica",
          "FRECUENCIA": "Por transaccion"
        },
        {
          "DESCRIPCIÓN": "Cajeros automaticos de otras entidades",
          "PLAN G - ZERO PARA CUENTA MOVIL": "$7.300",
          "PLAN PLUS PARA CUENTA MOVIL": "$7.300",
          "PLAN PREMIER PARA CUENTA MÓVIL": "1 incluidos sin costo. $.7300 por transferencia adicional",
          "APLICA IVA": "No Aplica",
          "FRECUENCIA": "Por transaccion"
        }
      ],
      "table_name": "TARIFAS_DESCRIPCIÓN",
      "header_row": {
        "Unnamed: 0": "DESCRIPCIÓN",
        "Unnamed: 1": "PLAN G - ZERO PARA CUENTA MOVIL",
        "Unnamed: 2": "PLAN PLUS PARA CUENTA MOVIL",
        "Unnamed: 3": "PLAN PREMIER PARA CUENTA MÓVIL",
        "Unnamed: 4": "APLICA IVA",
        "Unnamed: 5": "FRECUENCIA"
      }
    },
    {
      "sheet_name": "TARIFAS",
      "table_index": 5,
      "start_row": 44,
      "end_row": 54,
      "start_col": 0,
      "end_col": 4,
      "data": [
        {
          "DESCRIPCIÓN": "Cajeros automaticos Davivienda con tarjeta Debito a partir del 7mo retiro",
          "VALOR (Sin IVA)": "$2.800",
          "APLICA IVA": "No Aplica",
          "FRECUENCIA": "Por transaccion"
        },
        {
          "DESCRIPCIÓN": "Cajeros automaticos Davivienda sin medio",
          "VALOR (Sin IVA)": "$0",
          "APLICA IVA": "No Aplica",
          "FRECUENCIA": "Por transaccion"
        },
        {
          "DESCRIPCIÓN": "Corresponsales bancarios",
          "VALOR (Sin IVA)": "$2.400",
          "APLICA IVA": "Si",
          "FRECUENCIA": "Por transaccion"
        },
        {
          "DESCRIPCIÓN": "Oficinas Davivienda con tarjeta débito",
          "VALOR (Sin IVA)": "$14.000",
          "APLICA IVA": "No Aplica",
          "FRECUENCIA": "Por transaccion"
        },
        {
          "DESCRIPCIÓN": "Oficinas Davivienda sin medio",
          "VALOR (Sin IVA)": "$14.200",
          "APLICA IVA": "Si",
          "FRECUENCIA": "Por transaccion"
        },
        {
          "DESCRIPCIÓN": "Oficinas Davivienda expedición cheque de Gerencia ",
          "VALOR (Sin IVA)": "$0",
          "APLICA IVA": "No Aplica",
          "FRECUENCIA": "Por transaccion"
        },
        {
          "DESCRIPCIÓN": "Oficinas Davivienda con tarjeta débito \n( diferente oficina de radicación)",
          "VALOR (Sin IVA)": "$16.700",
          "APLICA IVA": "Si",
          "FRECUENCIA": "Por transaccion"
        },
        {
          "DESCRIPCIÓN": "Cajeros automaticos internacionales",
          "VALOR (Sin IVA)": "$20.000",
          "APLICA IVA": "No Aplica",
          "FRECUENCIA": "Por transaccion"
        },
        {
          "DESCRIPCIÓN": "Cajeros automaticos de otras entidades",
          "VALOR (Sin IVA)": "$7.300",
          "APLICA IVA": "No Aplica",
          "FRECUENCIA": "Por transaccion"
        }
      ],
      "table_name": "TARIFAS_DESCRIPCIÓN",
      "header_row": {
        "Unnamed: 0": "DESCRIPCIÓN",
        "Unnamed: 1": "VALOR (Sin IVA)",
        "Unnamed: 2": "APLICA IVA",
        "Unnamed: 3": "FRECUENCIA"
      }
    },
    {
      "sheet_name": "TARIFAS",
      "table_index": 6,
      "start_row": 54,
      "end_row": 61,
      "start_col": 0,
      "end_col": 4,
      "data": [
        {
          "DESCRIPCIÓN": "Entre Cuentas Davivienda Propias y de Terceros desde APP Davivienda, Web Davivienda  ó Telefono Rojo",
          "VALOR (Sin IVA)": "$0",
          "APLICA IVA": "No Aplica",
          "FRECUENCIA": "Por transaccion"
        },
        {
          "DESCRIPCIÓN": "Enviar Dinero Por Transfiya",
          "VALOR (Sin IVA)": "$0",
          "APLICA IVA": "No Aplica",
          "FRECUENCIA": "Por transaccion"
        },
        {
          "DESCRIPCIÓN": "Enviar Dinero por transferir por llaves",
          "VALOR (Sin IVA)": "$0",
          "APLICA IVA": "No Aplica",
          "FRECUENCIA": "Por transaccion"
        },
        {
          "DESCRIPCIÓN": "Enviar Dinero a otros Bancos por ACH",
          "VALOR (Sin IVA)": "$7.510",
          "APLICA IVA": "Si",
          "FRECUENCIA": "Por transaccion"
        },
        {
          "DESCRIPCIÓN": "Viajeras En Oficinas Entre Cuentas Davivienda ",
          "VALOR (Sin IVA)": "$15.570",
          "APLICA IVA": "Si",
          "FRECUENCIA": "Por transaccion"
        },
        {
          "DESCRIPCIÓN": "Entre Cuentas Davivienda Propias y de Terceros en Oficinas ",
          "VALOR (Sin IVA)": "$9.980",
          "APLICA IVA": "Si",
          "FRECUENCIA": "Por transaccion"
        }
      ],
      "table_name": "TARIFAS_DESCRIPCIÓN",
      "header_row": {
        "Unnamed: 0": "DESCRIPCIÓN",
        "Unnamed: 1": "VALOR (Sin IVA)",
        "Unnamed: 2": "APLICA IVA",
        "Unnamed: 3": "FRECUENCIA"
      }
    },
    {
      "sheet_name": "TARIFAS",
      "table_index": 7,
      "start_row": 61,
      "end_row": 68,
      "start_col": 0,
      "end_col": 4,
      "data": [
        {
          "DESCRIPCIÓN": "Transferencias Internacionales En Dólares",
          "VALOR (Sin IVA)": "USD 20",
          "APLICA IVA": "No Aplica",
          "FRECUENCIA": "Por transaccion"
        },
        {
          "DESCRIPCIÓN": "Transferencias Internacionales En Divisas Diferentes A Usd O Jpy",
          "VALOR (Sin IVA)": "USD 30",
          "APLICA IVA": "No Aplica",
          "FRECUENCIA": "Por transaccion"
        },
        {
          "DESCRIPCIÓN": "Transferencias En Yenes",
          "VALOR (Sin IVA)": "USD 35",
          "APLICA IVA": "No Aplica",
          "FRECUENCIA": "Por transaccion"
        },
        {
          "DESCRIPCIÓN": "Transferencias Internacionales Recibidas: Negociadas",
          "VALOR (Sin IVA)": "USD 20",
          "APLICA IVA": "No Aplica",
          "FRECUENCIA": "Por transaccion"
        },
        {
          "DESCRIPCIÓN": "Transferencias Internacionales Recibidas: Abonadas Automáticamente",
          "VALOR (Sin IVA)": "USD 5",
          "APLICA IVA": "No Aplica",
          "FRECUENCIA": "Por transaccion"
        },
        {
          "DESCRIPCIÓN": "Reparaciones, Enmiendas, Cancelaciones O Solicitud De Devolución. Los Gastos Cargados Por Los Bancos Corresponsales\nDerivados De Una Solicitud Adicional Del Ordenante, Deberán Ser Asumidos En Su Totalidad Por Este",
          "VALOR (Sin IVA)": "USD COBRADO POR EL BANCO DEL EXTERIOR",
          "APLICA IVA": "No Aplica",
          "FRECUENCIA": "Por transaccion"
        }
      ],
      "table_name": "TARIFAS_DESCRIPCIÓN",
      "header_row": {
        "Unnamed: 0": "DESCRIPCIÓN",
        "Unnamed: 1": "VALOR (Sin IVA)",
        "Unnamed: 2": "APLICA IVA",
        "Unnamed: 3": "FRECUENCIA"
      }
    },
    {
      "sheet_name": "TARIFAS",
      "table_index": 8,
      "start_row": 68,
      "end_row": 72,
      "start_col": 0,
      "end_col": 4,
      "data": [
        {
          "DESCRIPCIÓN": "Negociadas (% intermediación)",
          "VALOR (Sin IVA)": "1,8%",
          "APLICA IVA": "No Aplica",
          "FRECUENCIA": "Por transaccion"
        },
        {
          "DESCRIPCIÓN": "Al cobro (% intermediación)",
          "VALOR (Sin IVA)": "1,4%",
          "APLICA IVA": "No Aplica",
          "FRECUENCIA": "Por transaccion"
        },
        {
          "DESCRIPCIÓN": "Portes ",
          "VALOR (Sin IVA)": "$3.300",
          "APLICA IVA": "No Aplica",
          "FRECUENCIA": "Por transaccion"
        }
      ],
      "table_name": "TARIFAS_DESCRIPCIÓN",
      "header_row": {
        "Unnamed: 0": "DESCRIPCIÓN",
        "Unnamed: 1": "VALOR (Sin IVA)",
        "Unnamed: 2": "APLICA IVA",
        "Unnamed: 3": "FRECUENCIA"
      }
    },
    {
      "sheet_name": "TARIFAS",
      "table_index": 9,
      "start_row": 72,
      "end_row": 77,
      "start_col": 0,
      "end_col": 4,
      "data": [
        {
          "DESCRIPCIÓN": "Desde (App Davivienda, Web Davivienda Telefono Rojo ó Chat)",
          "VALOR (Sin IVA)": "$0",
          "APLICA IVA": "No Aplica",
          "PERIOCIDAD": "Por transaccion"
        },
        {
          "DESCRIPCIÓN": "Desde Oficinas Davivienda",
          "VALOR (Sin IVA)": "$0",
          "APLICA IVA": "No Aplica",
          "PERIOCIDAD": "Por transaccion"
        },
        {
          "DESCRIPCIÓN": "Desde Corresponsales Bancarios",
          "VALOR (Sin IVA)": "$0",
          "APLICA IVA": "No Aplica",
          "PERIOCIDAD": "Por transaccion"
        },
        {
          "DESCRIPCIÓN": "Desde Billeteras Digitales Apple pay y Google Pay",
          "VALOR (Sin IVA)": "$0",
          "APLICA IVA": "No Aplica",
          "PERIOCIDAD": "Por transaccion"
        }
      ],
      "table_name": "TARIFAS_DESCRIPCIÓN",
      "header_row": {
        "Unnamed: 0": "DESCRIPCIÓN",
        "Unnamed: 1": "VALOR (Sin IVA)",
        "Unnamed: 2": "APLICA IVA",
        "Unnamed: 3": "PERIOCIDAD"
      }
    },
    {
      "sheet_name": "TARIFAS",
      "table_index": 11,
      "start_row": 80,
      "end_row": 87,
      "start_col": 0,
      "end_col": 5,
      "data": [
        {
          "DESCRIPCIÓN": "Tarjeta débito Digital ( Aplica unicamente para planes móviles)",
          "VALOR (Sin IVA)": 0,
          "APLICA IVA": "No Aplica",
          "FRECUENCIA": " Unica Vez",
          "SUBTIPO": "Asignación Medio Transaccional"
        },
        {
          "DESCRIPCIÓN": "Tarjeta débito Fisica",
          "VALOR (Sin IVA)": 0,
          "APLICA IVA": "No Aplica",
          "FRECUENCIA": " Unica Vez",
          "SUBTIPO": "Asignación Medio Transaccional"
        },
        {
          "DESCRIPCIÓN": "Talonario (20 volantes)",
          "VALOR (Sin IVA)": 128870,
          "APLICA IVA": "SI",
          "FRECUENCIA": "A demanda",
          "SUBTIPO": "Asignación Medio Transaccional"
        },
        {
          "DESCRIPCIÓN": "Chequera persona natural (30 cheques )",
          "VALOR (Sin IVA)": 194130,
          "APLICA IVA": "SI",
          "FRECUENCIA": "A demanda",
          "SUBTIPO": "Asignación Medio Transaccional"
        },
        {
          "DESCRIPCIÓN": "Oficinas Davivienda",
          "VALOR (Sin IVA)": 16200,
          "APLICA IVA": "SI",
          "FRECUENCIA": "A demanda",
          "SUBTIPO": "Reexpedición Tarjeta  débito"
        },
        {
          "DESCRIPCIÓN": "APP Davivienda y Telefono Rojo",
          "VALOR (Sin IVA)": 14200,
          "APLICA IVA": "SI",
          "FRECUENCIA": "A demanda",
          "SUBTIPO": "Reexpedición Tarjeta  débito"
        }
      ],
      "table_name": "TARIFAS_DESCRIPCIÓN",
      "header_row": {
        "Unnamed: 0": "DESCRIPCIÓN",
        "Unnamed: 1": "VALOR (Sin IVA)",
        "Unnamed: 2": "APLICA IVA",
        "Unnamed: 3": "FRECUENCIA",
        "Unnamed: 4": "SUBTIPO"
      }
    },
    {
      "sheet_name": "TARIFAS",
      "table_index": 12,
      "start_row": 87,
      "end_row": 94,
      "start_col": 0,
      "end_col": 5,
      "data": [
        {
          "DESCRIPCIÓN": "APP Davivienda, Web Davivienda  y Chat ó Telefono Rojo",
          "VALOR (Sin IVA)": "$0",
          "APLICA IVA": "No Aplica",
          "FRECUENCIA": "Por transaccion",
          "SUBTIPO": "Extractos y Movimientos"
        },
        {
          "DESCRIPCIÓN": "Oficinas Davivienda",
          "VALOR (Sin IVA)": "$9.100",
          "APLICA IVA": "SI",
          "FRECUENCIA": "Por transaccion",
          "SUBTIPO": "Extractos y Movimientos"
        },
        {
          "DESCRIPCIÓN": "APP Davivienda, Web Davivienda  y Chat ó Telefono Rojo",
          "VALOR (Sin IVA)": "$0",
          "APLICA IVA": "No Aplica",
          "FRECUENCIA": "Por transaccion",
          "SUBTIPO": "Certificaciones Tributarias y de Producto"
        },
        {
          "DESCRIPCIÓN": "Oficinas  Davivienda",
          "VALOR (Sin IVA)": "$9.100",
          "APLICA IVA": "SI",
          "FRECUENCIA": "Por transaccion",
          "SUBTIPO": "Certificaciones Tributarias y de Producto"
        },
        {
          "DESCRIPCIÓN": "APP Davivienda, Web Davivienda  y Chat ó Telefono Rojo",
          "VALOR (Sin IVA)": "$0",
          "APLICA IVA": "No Aplica",
          "FRECUENCIA": "Por transaccion",
          "SUBTIPO": "Paz y Salvos"
        },
        {
          "DESCRIPCIÓN": "Oficinas  Davivienda",
          "VALOR (Sin IVA)": "$0",
          "APLICA IVA": "No Aplica",
          "FRECUENCIA": "Por transaccion",
          "SUBTIPO": "Paz y Salvos"
        }
      ],
      "table_name": "TARIFAS_DESCRIPCIÓN",
      "header_row": {
        "Unnamed: 0": "DESCRIPCIÓN",
        "Unnamed: 1": "VALOR (Sin IVA)",
        "Unnamed: 2": "APLICA IVA",
        "Unnamed: 3": "FRECUENCIA",
        "Unnamed: 4": "SUBTIPO"
      }
    },
    {
      "sheet_name": "TARIFAS",
      "table_index": 13,
      "start_row": 94,
      "end_row": 104,
      "start_col": 0,
      "end_col": 4,
      "data": [
        {
          "DESCRIPCIÓN": "Acceso A Nuestros Canales Virtuales (App Davivienda, Web Davivienda Telefono Rojo ó Chat)",
          "VALOR (Sin IVA)": 0,
          "APLICA IVA": "No Aplica",
          "FRECUENCIA": "Por transaccion"
        },
        {
          "DESCRIPCIÓN": "Servicio de alertas y notificaciones",
          "VALOR (Sin IVA)": 0,
          "APLICA IVA": "No Aplica",
          "FRECUENCIA": "Por transaccion"
        },
        {
          "DESCRIPCIÓN": "Débito automático",
          "VALOR (Sin IVA)": 0,
          "APLICA IVA": "No Aplica",
          "FRECUENCIA": "Por transaccion"
        },
        {
          "DESCRIPCIÓN": "Cambios de clave ",
          "VALOR (Sin IVA)": 0,
          "APLICA IVA": "No Aplica",
          "FRECUENCIA": "Por transaccion"
        },
        {
          "DESCRIPCIÓN": "Domiciliación de Servicios Publicos y Privados",
          "VALOR (Sin IVA)": 0,
          "APLICA IVA": "No Aplica",
          "FRECUENCIA": "Por transaccion"
        },
        {
          "DESCRIPCIÓN": "Personalización de límites Transaccionales en Web Davivienda",
          "VALOR (Sin IVA)": 0,
          "APLICA IVA": "No Aplica",
          "FRECUENCIA": "Por transaccion"
        },
        {
          "DESCRIPCIÓN": "Activación y utilización del  Bolsillo",
          "VALOR (Sin IVA)": 0,
          "APLICA IVA": "No Aplica",
          "FRECUENCIA": "Por transaccion"
        },
        {
          "DESCRIPCIÓN": "Copia Injustificada De Voucher Débito O Crédito",
          "VALOR (Sin IVA)": 44400,
          "APLICA IVA": "No Aplica",
          "FRECUENCIA": "Por transaccion"
        },
        {
          "DESCRIPCIÓN": "Entrega De Efectivo A Domicilio *****",
          "VALOR (Sin IVA)": "SEGÚN MONTO Y PLAZA",
          "APLICA IVA": "No Aplica",
          "FRECUENCIA": "Por transaccion"
        }
      ],
      "table_name": "TARIFAS_DESCRIPCIÓN",
      "header_row": {
        "Unnamed: 0": "DESCRIPCIÓN",
        "Unnamed: 1": "VALOR (Sin IVA)",
        "Unnamed: 2": "APLICA IVA",
        "Unnamed: 3": "FRECUENCIA"
      }
    },
    {
      "sheet_name": "TARIFAS",
      "table_index": 14,
      "start_row": 104,
      "end_row": 118,
      "start_col": 0,
      "end_col": 6,
      "data": [
        {
          "DESCRIPCIÓN": "Portafolio Tradicional",
          "VALOR (Sin IVA)": "$71.100",
          "APLICA IVA": "No Aplica",
          "PERIOCIDAD": "Mensual",
          "SUBTIPO": "Cuotas de Manejo ",
          "VIGENCIA": "Abiertos antes del 31 de Julio de 2021"
        },
        {
          "DESCRIPCIÓN": "Portafolio Tradicional Con Hipotecario",
          "VALOR (Sin IVA)": "$60.300",
          "APLICA IVA": "No Aplica",
          "PERIOCIDAD": "Mensual",
          "SUBTIPO": "Cuotas de Manejo ",
          "VIGENCIA": "Abiertos antes del 31 de Julio de 2021"
        },
        {
          "DESCRIPCIÓN": "Portafolio Rural",
          "VALOR (Sin IVA)": "$46.550",
          "APLICA IVA": "No Aplica",
          "PERIOCIDAD": "Mensual",
          "SUBTIPO": "Cuotas de Manejo ",
          "VIGENCIA": "Abiertos antes del 31 de Julio de 2021"
        },
        {
          "DESCRIPCIÓN": "Portafolio Sin Medios Transaccionales *",
          "VALOR (Sin IVA)": "$31.850",
          "APLICA IVA": "No Aplica",
          "PERIOCIDAD": "Mensual",
          "SUBTIPO": "Cuotas de Manejo ",
          "VIGENCIA": "Abiertos antes del 31 de Julio de 2021"
        },
        {
          "DESCRIPCIÓN": "Portafolio Básico (Crediexpress Rotativo + Cuenta De Ahorros)",
          "VALOR (Sin IVA)": "$28.400",
          "APLICA IVA": "No Aplica",
          "PERIOCIDAD": "Mensual",
          "SUBTIPO": "Cuotas de Manejo ",
          "VIGENCIA": "Abiertos antes del 31 de Julio de 2021"
        },
        {
          "DESCRIPCIÓN": "Portafolios Rural: Crediexpress Rotativo + Cta Ahorros + Tarj Débito",
          "VALOR (Sin IVA)": "$13.550",
          "APLICA IVA": "No Aplica",
          "PERIOCIDAD": "Mensual",
          "SUBTIPO": "Cuotas de Manejo ",
          "VIGENCIA": "Abiertos antes del 31 de Julio de 2021"
        },
        {
          "DESCRIPCIÓN": "Portafolio Empleado Davivienda Y Grupo",
          "VALOR (Sin IVA)": "$0",
          "APLICA IVA": "No Aplica",
          "PERIOCIDAD": "Mensual",
          "SUBTIPO": "Cuotas de Manejo ",
          "VIGENCIA": "Abiertos antes del 31 de Julio de 2021"
        },
        {
          "DESCRIPCIÓN": "Portafolio Financiero\n(Crediexpress Rotativo + Cuenta De Ahorro + Cuenta Corriente Con Sobregiro + Tarjetas De Crédito Ilimitadas)",
          "VALOR (Sin IVA)": "$56.700",
          "APLICA IVA": "No Aplica",
          "PERIOCIDAD": "Mensual",
          "SUBTIPO": "Cuotas de Manejo ",
          "VIGENCIA": "Abiertos antes del 31 de Julio de 2021"
        },
        {
          "DESCRIPCIÓN": "Portafolio Líder",
          "VALOR (Sin IVA)": "20% DCTO ",
          "APLICA IVA": "No Aplica",
          "PERIOCIDAD": "Mensual",
          "SUBTIPO": "Cuotas de Manejo ",
          "VIGENCIA": NaN
        },
        {
          "DESCRIPCIÓN": "Tarjeta Débito Integrante (Nivel 1)",
          "VALOR (Sin IVA)": "20% DCTO ",
          "APLICA IVA": "No Aplica",
          "PERIOCIDAD": "Mensual",
          "SUBTIPO": "Cuotas de Manejo ",
          "VIGENCIA": NaN
        },
        {
          "DESCRIPCIÓN": "Integrante (Nivel 1)",
          "VALOR (Sin IVA)": "20% DCTO ",
          "APLICA IVA": "No Aplica",
          "PERIOCIDAD": "Mensual",
          "SUBTIPO": "Cuotas de Manejo ",
          "VIGENCIA": NaN
        },
        {
          "DESCRIPCIÓN": "Deposito Ó Consignacion Nacional, Retiro Viajero En Oficina (Líder Y Nivel 1)",
          "VALOR (Sin IVA)": "SIN COSTO",
          "APLICA IVA": "No Aplica",
          "PERIOCIDAD": "Mensual",
          "SUBTIPO": "Cuotas de Manejo ",
          "VIGENCIA": NaN
        },
        {
          "DESCRIPCIÓN": "Transferencias En Oficinas Cuenta A Cuenta Entre Ciudades (Líder Y Nivel1)",
          "VALOR (Sin IVA)": "SIN COSTO",
          "APLICA IVA": "No Aplica",
          "PERIOCIDAD": "Mensual",
          "SUBTIPO": "Cuotas de Manejo ",
          "VIGENCIA": NaN
        }
      ],
      "table_name": "TARIFAS_DESCRIPCIÓN",
      "header_row": {
        "Unnamed: 0": "DESCRIPCIÓN",
        "Unnamed: 1": "VALOR (Sin IVA)",
        "Unnamed: 2": "APLICA IVA",
        "Unnamed: 3": "PERIOCIDAD",
        "Unnamed: 4": "SUBTIPO",
        "Unnamed: 5": "VIGENCIA"
      }
    }
  ],
  "LIMITES": [
    {
      "sheet_name": "LIMITES",
      "table_index": 0,
      "start_row": 0,
      "end_row": 43,
      "start_col": 0,
      "end_col": 4,
      "data": [
        {
          "DESCRIPCIÓN": "Saldo Cuenta De Ahorros",
          "Minimo": "$0",
          "column_2": NaN,
          "column_3": NaN
        },
        {
          "DESCRIPCIÓN": "Monto de apertura cuenta de ahorros",
          "Minimo": "$0",
          "column_2": NaN,
          "column_3": NaN
        },
        {
          "DESCRIPCIÓN": "Reconocimiento de Intereses cuentas de Ahorro",
          "Minimo": "$0",
          "column_2": NaN,
          "column_3": NaN
        },
        {
          "DESCRIPCIÓN": "Saldo Bolsillo",
          "Minimo": "$0",
          "column_2": NaN,
          "column_3": NaN
        },
        {
          "DESCRIPCIÓN": "DESCRIPCIÓN",
          "Minimo": "Monto Minimo",
          "column_2": "Monto Maximo",
          "column_3": "Tope"
        },
        {
          "DESCRIPCIÓN": "Oficina Davivienda",
          "Minimo": "$0",
          "column_2": "$20.000.000",
          "column_3": "Diario"
        },
        {
          "DESCRIPCIÓN": "Oficina Davivienda para cuenta niños e Infantil",
          "Minimo": "$0",
          "column_2": "$5.000.000",
          "column_3": "Diario"
        },
        {
          "DESCRIPCIÓN": "Cajeros automaticos Davivienda",
          "Minimo": "$10.000",
          "column_2": "$8.000.000",
          "column_3": "Diario"
        },
        {
          "DESCRIPCIÓN": "Cajeros automaticos de otras entidades",
          "Minimo": "$10.000",
          "column_2": "$8.000.000",
          "column_3": "Diario"
        },
        {
          "DESCRIPCIÓN": "Cajeros automaticos de otras entidades nacionales e internaciones por transacción",
          "Minimo": "$10.000",
          "column_2": "$400.000",
          "column_3": "Transacción"
        },
        {
          "DESCRIPCIÓN": "DESCRIPCIÓN",
          "Minimo": "Monto Minimo",
          "column_2": "Monto Maximo",
          "column_3": "Tope"
        },
        {
          "DESCRIPCIÓN": "Oficina Davivienda",
          "Minimo": "$20.000",
          "column_2": "-",
          "column_3": "Diario"
        },
        {
          "DESCRIPCIÓN": "Cajeros automaticos Multifuncionales Davivienda",
          "Minimo": "$10.000",
          "column_2": "-",
          "column_3": "Diario"
        },
        {
          "DESCRIPCIÓN": "DESCRIPCIÓN",
          "Minimo": "Monto Minimo",
          "column_2": "Monto Maximo",
          "column_3": "Tope"
        },
        {
          "DESCRIPCIÓN": "Compras P.O.S Nacionales e internacionales desde cuentas de ahorro y corriente ",
          "Minimo": "-",
          "column_2": "$20.000.000",
          "column_3": "Diario"
        },
        {
          "DESCRIPCIÓN": "Compras con QR entre cuentas en comercios habilitados",
          "Minimo": "$1",
          "column_2": "$18.000.000",
          "column_3": "Diario"
        },
        {
          "DESCRIPCIÓN": "Compras en comercio electrónico",
          "Minimo": "-",
          "column_2": "$5.000.000",
          "column_3": "Diario"
        },
        {
          "DESCRIPCIÓN": "Nfc (Sin Contacto) Y Sin Pin  ",
          "Minimo": "-",
          "column_2": "$750.000",
          "column_3": "Diario"
        },
        {
          "DESCRIPCIÓN": "Nfc (Sin Contacto) Y Sin Pin por transacción",
          "Minimo": "-",
          "column_2": "$250.000",
          "column_3": "Transacción"
        },
        {
          "DESCRIPCIÓN": "DESCRIPCIÓN",
          "Minimo": "Monto Minimo",
          "column_2": "Monto Maximo",
          "column_3": "Tope"
        },
        {
          "DESCRIPCIÓN": "Pago de servicios Públicos desde App Davivienda, Web davivienda y Telefono rojo",
          "Minimo": "-",
          "column_2": "$10.000.000",
          "column_3": "Diario"
        },
        {
          "DESCRIPCIÓN": "Pago de productos Davivienda desde App Davivienda, Web davivienda y Telefono rojo",
          "Minimo": "-",
          "column_2": "Sin Limite",
          "column_3": "Diario"
        },
        {
          "DESCRIPCIÓN": "DESCRIPCIÓN",
          "Minimo": "Monto Minimo",
          "column_2": "Monto Maximo",
          "column_3": "Tope"
        },
        {
          "DESCRIPCIÓN": "Entre cuentas Davivienda desde App Davivienda y Web davivienda",
          "Minimo": "-",
          "column_2": "$50.000.000",
          "column_3": "Diario"
        },
        {
          "DESCRIPCIÓN": "Enviadas a otros Bancos App Davivienda y Web davivienda",
          "Minimo": "-",
          "column_2": "$50.000.000",
          "column_3": "Diario"
        },
        {
          "DESCRIPCIÓN": "Entre cuentas Davivienda  desde el Telefono Rojo",
          "Minimo": "-",
          "column_2": "$700.000",
          "column_3": "Diario"
        },
        {
          "DESCRIPCIÓN": "Enviadas a otros Bancos desde el Telefono Rojo",
          "Minimo": "-",
          "column_2": "$700.000",
          "column_3": "Diario"
        },
        {
          "DESCRIPCIÓN": "Entre cuentas Davivienda programadas de forma automatica",
          "Minimo": "$5.000",
          "column_2": "$8.000.000",
          "column_3": "Diario"
        },
        {
          "DESCRIPCIÓN": "DESCRIPCIÓN",
          "Minimo": "Monto Minimo",
          "column_2": "Monto Maximo",
          "column_3": "Tope"
        },
        {
          "DESCRIPCIÓN": "Enviadas a cuentas en el exterior en dólares Americanos (Usd) desde App Davivienda y  Web davivienda",
          "Minimo": "-",
          "column_2": "USD 12",
          "column_3": NaN
        },
        {
          "DESCRIPCIÓN": "Enviadas a cuentas en el exterior en divisas diferentes a dólares Americanos (Usd) y Yenes Japoneses (Jpy) desde App Davivienda y  Web davivienda",
          "Minimo": "-",
          "column_2": "USD 25",
          "column_3": NaN
        },
        {
          "DESCRIPCIÓN": "Enviadas a cuentas en el exterior en yenes japoneses (Jpy) desde App Davivienda y  Web davivienda",
          "Minimo": "-",
          "column_2": "USD 35",
          "column_3": NaN
        },
        {
          "DESCRIPCIÓN": "Enviada al exterior para cobro en efectivo en agencia remesadora Ria Money Transfer desde App Davivienda y  Web davivienda",
          "Minimo": "-",
          "column_2": "USD 12",
          "column_3": NaN
        },
        {
          "DESCRIPCIÓN": "DESCRIPCIÓN",
          "Minimo": "Cantidad Maxima",
          "column_2": "Tope",
          "column_3": NaN
        },
        {
          "DESCRIPCIÓN": "Transacciones diarias por cuenta y por canal",
          "Minimo": 20,
          "column_2": "Diaria",
          "column_3": NaN
        },
        {
          "DESCRIPCIÓN": "Transacciones mensuales de pago de servicios públicos (incluye recargas de celular)",
          "Minimo": 11,
          "column_2": "Mensual",
          "column_3": NaN
        },
        {
          "DESCRIPCIÓN": "Cuentas destino a las que un cliente puede transferir automáticamente",
          "Minimo": 5,
          "column_2": NaN,
          "column_3": NaN
        },
        {
          "DESCRIPCIÓN": "DESCRIPCIÓN",
          "Minimo": "Tope",
          "column_2": NaN,
          "column_3": NaN
        },
        {
          "DESCRIPCIÓN": "Saldo mínimo de activación desde el app davivienda ó web Davivienda",
          "Minimo": "$1",
          "column_2": NaN,
          "column_3": NaN
        },
        {
          "DESCRIPCIÓN": "Transferencias mínimas de cuenta de ahorros hacia bolsillo",
          "Minimo": "$5.000",
          "column_2": NaN,
          "column_3": NaN
        },
        {
          "DESCRIPCIÓN": "Saldo mínimo bolsillo",
          "Minimo": "$0",
          "column_2": NaN,
          "column_3": NaN
        },
        {
          "DESCRIPCIÓN": "Número máximo de bolsillos por cuenta de ahorros",
          "Minimo": "15",
          "column_2": NaN,
          "column_3": NaN
        }
      ],
      "table_name": "LIMITES_DESCRIPCIÓN",
      "header_row": {
        "Unnamed: 0": "DESCRIPCIÓN",
        "Unnamed: 1": "Minimo",
        "Unnamed: 2": NaN,
        "Unnamed: 3": NaN
      }
    }
  ],
  "TASAS": [
    {
      "sheet_name": "TASAS",
      "table_index": 0,
      "start_row": 0,
      "end_row": 19,
      "start_col": 0,
      "end_col": 3,
      "data": [
        {
          "Saldo promedio": "Mayor a $0",
          "E.A.": 0.001,
          "column_2": NaN
        },
        {
          "Saldo promedio": "Saldo promedio",
          "E.A.": "E.A.",
          "column_2": NaN
        },
        {
          "Saldo promedio": "De $0 a $0,9 Millones",
          "E.A.": 0.002,
          "column_2": NaN
        },
        {
          "Saldo promedio": "De $1 a $9,9 Millones",
          "E.A.": 0.005,
          "column_2": NaN
        },
        {
          "Saldo promedio": "De $10 Millones a $49,9 Millones",
          "E.A.": 0.01,
          "column_2": NaN
        },
        {
          "Saldo promedio": "Igual o mayor a $50 Millones",
          "E.A.": 0.015,
          "column_2": NaN
        },
        {
          "Saldo promedio": "Saldo promedio",
          "E.A.": "E.A.",
          "column_2": NaN
        },
        {
          "Saldo promedio": "Entre 0 y $4,9 Millones",
          "E.A.": 0.001,
          "column_2": NaN
        },
        {
          "Saldo promedio": "Entre $5 y $9,9 Millones",
          "E.A.": 0.0494,
          "column_2": NaN
        },
        {
          "Saldo promedio": "Entre $10 y $49,9 millones",
          "E.A.": 0.0556,
          "column_2": NaN
        },
        {
          "Saldo promedio": "Entre $50 y $149,9 millones",
          "E.A.": 0.0618,
          "column_2": NaN
        },
        {
          "Saldo promedio": "Entre $150 y $299,9 millones",
          "E.A.": 0.0741,
          "column_2": NaN
        },
        {
          "Saldo promedio": "Igual o mayor a $300 millones",
          "E.A.": 0.0803,
          "column_2": NaN
        },
        {
          "Saldo promedio": "DESCRIPCIÓN",
          "E.A.": NaN,
          "column_2": NaN
        },
        {
          "Saldo promedio": "La cuenta corriente NO tendrá remuneración.",
          "E.A.": NaN,
          "column_2": NaN
        },
        {
          "Saldo promedio": "Interés",
          "E.A.": "M.V.",
          "column_2": "E.A."
        },
        {
          "Saldo promedio": "Corriente",
          "E.A.": "2.53%",
          "column_2": 0.3496
        },
        {
          "Saldo promedio": "Mora",
          "E.A.": "2.53%",
          "column_2": 0.3496
        }
      ],
      "table_name": "TASAS_Saldo_promedio",
      "header_row": {
        "Unnamed: 0": "Saldo promedio",
        "Unnamed: 1": "E.A.",
        "Unnamed: 2": NaN
      }
    }
  ],
  "Hoja 6": []
}