{
  "business_line": "accounts",
  "document_type": "rates_and_fees",
  "document_version": "v1",
  "last_updated": "2025-08-27T13:25:12.896701+00:00",
  "source_sheets": [
    "TARIFAS",
    "LIMITES",
    "TASAS",
    "Hoja 6"
  ],
  "tables": {
    "mobile_plans": {
      "table_type": "mobile_plans",
      "table_name": "TARIFAS_DESCRIPCIÓN",
      "source_position": {
        "sheet": "TARIFAS",
        "start_row": 0,
        "end_row": 6
      },
      "services": [
        {
          "service_id": "app_opening",
          "description": "Planes abiertos desde App Davivienda",
          "applies_tax": true,
          "frequency": "monthly",
          "rates": {
            "g_zero": {
              "type": "fixed",
              "value": 0.0
            },
            "puls": {
              "type": "fixed",
              "value": 8990.0
            },
            "premier": {
              "type": "fixed",
              "value": 15000.0
            }
          },
          "category": "mobile_plans"
        },
        {
          "service_id": "tarjeta_débito",
          "description": "Tarjeta débito Digital",
          "applies_tax": false,
          "frequency": "one_time",
          "rates": {
            "g_zero": {
              "type": "fixed",
              "value": 0.0
            },
            "puls": {
              "type": "fixed",
              "value": 0.0
            },
            "premier": {
              "type": "fixed",
              "value": 0.0
            }
          },
          "category": "mobile_plans"
        },
        {
          "service_id": "withdrawal",
          "description": "Retiro por ventanilla en oficina diferente a la de radicación de la cuenta con talonario o libreta*",
          "applies_tax": false,
          "frequency": "per_transaction",
          "rates": {
            "g_zero": {
              "type": "fixed",
              "value": 0.0
            },
            "puls": {
              "type": "fixed",
              "value": 0.0
            },
            "premier": {
              "type": "fixed",
              "value": 0.0
            }
          },
          "disclaimer": "*LEY 2009 DEL 27 DICIEMBRE DE 2019 \n SERVICIOS GRATUITOS POR PAGO DE CUOTA DE MANEJO CUENTA AHORROS (Aplica únicamente  para cuenta con apertura digital",
          "category": "mobile_plans"
        },
        {
          "service_id": "checkbook",
          "description": "Talonario o libreta para cuentas de ahorro *",
          "applies_tax": false,
          "frequency": "per_transaction",
          "rates": {
            "g_zero": {
              "type": "fixed",
              "value": 0.0
            },
            "puls": {
              "type": "fixed",
              "value": 0.0
            },
            "premier": {
              "type": "fixed",
              "value": 0.0
            }
          },
          "disclaimer": "*LEY 2009 DEL 27 DICIEMBRE DE 2019 \n SERVICIOS GRATUITOS POR PAGO DE CUOTA DE MANEJO CUENTA AHORROS (Aplica únicamente  para cuenta con apertura digital",
          "category": "mobile_plans"
        },
        {
          "service_id": "cashier_check",
          "description": "Expedición cheque de gerencia*",
          "applies_tax": false,
          "frequency": "per_transaction",
          "rates": {
            "g_zero": {
              "type": "fixed",
              "value": 0.0
            },
            "puls": {
              "type": "fixed",
              "value": 0.0
            },
            "premier": {
              "type": "fixed",
              "value": 0.0
            }
          },
          "disclaimer": "*LEY 2009 DEL 27 DICIEMBRE DE 2019 \n SERVICIOS GRATUITOS POR PAGO DE CUOTA DE MANEJO CUENTA AHORROS (Aplica únicamente  para cuenta con apertura digital",
          "category": "mobile_plans"
        },
        {
          "service_id": "atm",
          "description": "Cajeros automaticos Davivienda con tarjeta Debito",
          "applies_tax": false,
          "frequency": "per_transaction",
          "rates": {
            "g_zero": {
              "type": "fixed",
              "value": 2800.0
            },
            "puls": {
              "type": "conditional",
              "included_free": 4,
              "additional_cost": 2800.0
            },
            "premier": {
              "type": "unlimited",
              "value": 0
            }
          },
          "category": "mobile_plans"
        },
        {
          "service_id": "atm",
          "description": "Cajeros automaticos Davivienda sin medio",
          "applies_tax": false,
          "frequency": "per_transaction",
          "rates": {
            "g_zero": {
              "type": "fixed",
              "value": 0.0
            },
            "puls": {
              "type": "fixed",
              "value": 0.0
            },
            "premier": {
              "type": "fixed",
              "value": 0.0
            }
          },
          "category": "mobile_plans"
        },
        {
          "service_id": "correspondent",
          "description": "Corresponsales bancarios",
          "applies_tax": true,
          "frequency": "per_transaction",
          "rates": {
            "g_zero": {
              "type": "fixed",
              "value": 2400.0
            },
            "puls": {
              "type": "fixed",
              "value": 2400.0
            },
            "premier": {
              "type": "fixed",
              "value": 2400.0
            }
          },
          "category": "mobile_plans"
        },
        {
          "service_id": "branch",
          "description": "Oficinas Davivienda con tarjeta débito",
          "applies_tax": false,
          "frequency": "per_transaction",
          "rates": {
            "g_zero": {
              "type": "fixed",
              "value": 14000.0
            },
            "puls": {
              "type": "fixed",
              "value": 14000.0
            },
            "premier": {
              "type": "fixed",
              "value": 14000.0
            }
          },
          "category": "mobile_plans"
        },
        {
          "service_id": "branch",
          "description": "Oficinas Davivienda sin medio",
          "applies_tax": true,
          "frequency": "per_transaction",
          "rates": {
            "g_zero": {
              "type": "fixed",
              "value": 14200.0
            },
            "puls": {
              "type": "fixed",
              "value": 14200.0
            },
            "premier": {
              "type": "fixed",
              "value": 14200.0
            }
          },
          "category": "mobile_plans"
        },
        {
          "service_id": "cashier_check",
          "description": "Oficinas Davivienda expedición cheque de Gerencia",
          "applies_tax": false,
          "frequency": "per_transaction",
          "rates": {
            "g_zero": {
              "type": "fixed",
              "value": 0.0
            },
            "puls": {
              "type": "fixed",
              "value": 0.0
            },
            "premier": {
              "type": "fixed",
              "value": 0.0
            }
          },
          "category": "mobile_plans"
        },
        {
          "service_id": "branch",
          "description": "Oficinas Davivienda con tarjeta débito \n( diferente oficina de radicación)",
          "applies_tax": true,
          "frequency": "per_transaction",
          "rates": {
            "g_zero": {
              "type": "fixed",
              "value": 16700.0
            },
            "puls": {
              "type": "fixed",
              "value": 16700.0
            },
            "premier": {
              "type": "fixed",
              "value": 16700.0
            }
          },
          "category": "mobile_plans"
        },
        {
          "service_id": "atm",
          "description": "Cajeros automaticos internacionales",
          "applies_tax": false,
          "frequency": "per_transaction",
          "rates": {
            "g_zero": {
              "type": "fixed",
              "value": 20000.0
            },
            "puls": {
              "type": "fixed",
              "value": 20000.0
            },
            "premier": {
              "type": "fixed",
              "value": 20000.0
            }
          },
          "category": "mobile_plans"
        },
        {
          "service_id": "atm",
          "description": "Cajeros automaticos de otras entidades",
          "applies_tax": false,
          "frequency": "per_transaction",
          "rates": {
            "g_zero": {
              "type": "fixed",
              "value": 7300.0
            },
            "puls": {
              "type": "fixed",
              "value": 7300.0
            },
            "premier": {
              "type": "conditional",
              "included_free": 1,
              "additional_cost": 7300.0
            }
          },
          "category": "mobile_plans"
        }
      ]
    },
    "traditional_services": {
      "table_type": "traditional_services",
      "table_name": "TARIFAS_DESCRIPCIÓN",
      "source_position": {
        "sheet": "TARIFAS",
        "start_row": 6,
        "end_row": 18
      },
      "services": [
        {
          "service_id": "cuenta_ahorros",
          "description": "Cuenta de ahorros Tradicional",
          "applies_tax": true,
          "frequency": "monthly",
          "rate": {
            "type": "fixed",
            "value": 15600.0
          },
          "category": "traditional_services"
        },
        {
          "service_id": "cuenta_ahorros",
          "description": "Cuenta de ahorros Nómina",
          "applies_tax": true,
          "frequency": "monthly",
          "rate": {
            "type": "fixed",
            "value": 0.0
          },
          "category": "traditional_services"
        },
        {
          "service_id": "cuenta_ahorros",
          "description": "Cuenta de ahorros Rural",
          "applies_tax": true,
          "frequency": "monthly",
          "rate": {
            "type": "fixed",
            "value": 15600.0
          },
          "category": "traditional_services"
        },
        {
          "service_id": "cuenta_ahorros",
          "description": "Cuenta de ahorros Rentable (6 Primeros Meses Gratis)",
          "applies_tax": true,
          "frequency": "monthly",
          "rate": {
            "type": "fixed",
            "value": 15600.0
          },
          "category": "traditional_services"
        },
        {
          "service_id": "cuenta_ahorros",
          "description": "Cuenta de ahorros niños",
          "applies_tax": false,
          "frequency": "monthly",
          "rate": {
            "type": "fixed",
            "value": 0.0
          },
          "category": "traditional_services"
        },
        {
          "service_id": "cuenta_corriente",
          "description": "Cuenta Corriente",
          "applies_tax": true,
          "frequency": "monthly",
          "rate": {
            "type": "fixed",
            "value": 15600.0
          },
          "category": "traditional_services"
        },
        {
          "service_id": "tarjeta_débito",
          "description": "Tarjeta Débito Para Cuenta Digital \n(Aplican Los Demás Cobros Transaccionales De Una Cuenta De Ahorros Tradicional)",
          "applies_tax": true,
          "frequency": "monthly",
          "rate": {
            "type": "fixed",
            "value": 6400.0
          },
          "category": "traditional_services"
        },
        {
          "service_id": "tradicional_cuenta",
          "description": "Tradicional Y Cuenta Rural asociadas a mi Comercio",
          "applies_tax": false,
          "frequency": "monthly",
          "rate": {
            "type": "fixed",
            "value": 0.0
          },
          "category": "traditional_services"
        },
        {
          "service_id": "consultas_red",
          "description": "Consultas En Red Propia*",
          "applies_tax": false,
          "frequency": "per_transaction",
          "rate": {
            "type": "fixed",
            "value": 0.0
          },
          "disclaimer": "*LEY 2009 DEL 27 DICIEMBRE DE 2019\n SERVICIOS GRATUITOS POR PAGO DE CUOTA DE MANEJO TARJETA DÉBITO",
          "category": "traditional_services"
        },
        {
          "service_id": "certificación_bancaria",
          "description": "Certificación Bancaria*",
          "applies_tax": false,
          "frequency": "per_transaction",
          "rate": {
            "type": "fixed",
            "value": 0.0
          },
          "disclaimer": "*LEY 2009 DEL 27 DICIEMBRE DE 2019\n SERVICIOS GRATUITOS POR PAGO DE CUOTA DE MANEJO TARJETA DÉBITO",
          "category": "traditional_services"
        },
        {
          "service_id": "copia_extractos",
          "description": "Copia De Extractos En Papel Y Por Internet*",
          "applies_tax": false,
          "frequency": "per_transaction",
          "rate": {
            "type": "fixed",
            "value": 0.0
          },
          "disclaimer": "*LEY 2009 DEL 27 DICIEMBRE DE 2019\n SERVICIOS GRATUITOS POR PAGO DE CUOTA DE MANEJO TARJETA DÉBITO",
          "category": "traditional_services"
        },
        {
          "service_id": "atm",
          "description": "Cajeros automaticos Multifuncionales Davivienda",
          "applies_tax": false,
          "frequency": "per_transaction",
          "rate": {
            "type": "fixed",
            "value": 0.0
          },
          "category": "traditional_services"
        },
        {
          "service_id": "correspondent",
          "description": "Corresponsales bancarios",
          "applies_tax": false,
          "frequency": "per_transaction",
          "rate": {
            "type": "fixed",
            "value": 0.0
          },
          "category": "traditional_services"
        },
        {
          "service_id": "cashier_check",
          "description": "Deposito ó consignacion nacional y pago nacional de cheques",
          "applies_tax": false,
          "frequency": "per_transaction",
          "rate": {
            "type": "fixed",
            "value": 16750.0
          },
          "category": "traditional_services"
        },
        {
          "service_id": "entre_cuentas",
          "description": "Entre Cuentas Davivienda Propias y de Terceros",
          "applies_tax": false,
          "frequency": "per_transaction",
          "rate": {
            "type": "fixed",
            "value": 0.0
          },
          "category": "traditional_services"
        },
        {
          "service_id": "transfiera_linea",
          "description": "Transfiera en linea a su cuentas desde otros Bancos por PSE",
          "applies_tax": false,
          "frequency": "per_transaction",
          "rate": {
            "type": "fixed",
            "value": 0.0
          },
          "category": "traditional_services"
        },
        {
          "service_id": "transfiya_transfer",
          "description": "Recibir Dinero Por Transfiya",
          "applies_tax": false,
          "frequency": "per_transaction",
          "rate": {
            "type": "fixed",
            "value": 0.0
          },
          "category": "traditional_services"
        },
        {
          "service_id": "keys_transfer",
          "description": "Recibir Dinero con llaves",
          "applies_tax": false,
          "frequency": "per_transaction",
          "rate": {
            "type": "fixed",
            "value": 0.0
          },
          "category": "traditional_services"
        },
        {
          "service_id": "ach_transfer",
          "description": "Recibir Dinero desde otros Bancos por ACH",
          "applies_tax": false,
          "frequency": "per_transaction",
          "rate": {
            "type": "fixed",
            "value": 0.0
          },
          "category": "traditional_services"
        },
        {
          "service_id": "withdrawal",
          "description": "Cajeros automaticos Davivienda con tarjeta Debito a partir del 7mo retiro",
          "applies_tax": false,
          "frequency": "per_transaction",
          "rate": {
            "type": "fixed",
            "value": 2800.0
          },
          "category": "traditional_services"
        },
        {
          "service_id": "atm",
          "description": "Cajeros automaticos Davivienda sin medio",
          "applies_tax": false,
          "frequency": "per_transaction",
          "rate": {
            "type": "fixed",
            "value": 0.0
          },
          "category": "traditional_services"
        },
        {
          "service_id": "correspondent",
          "description": "Corresponsales bancarios",
          "applies_tax": true,
          "frequency": "per_transaction",
          "rate": {
            "type": "fixed",
            "value": 2400.0
          },
          "category": "traditional_services"
        },
        {
          "service_id": "branch",
          "description": "Oficinas Davivienda con tarjeta débito",
          "applies_tax": false,
          "frequency": "per_transaction",
          "rate": {
            "type": "fixed",
            "value": 14000.0
          },
          "category": "traditional_services"
        },
        {
          "service_id": "branch",
          "description": "Oficinas Davivienda sin medio",
          "applies_tax": true,
          "frequency": "per_transaction",
          "rate": {
            "type": "fixed",
            "value": 14200.0
          },
          "category": "traditional_services"
        },
        {
          "service_id": "cashier_check",
          "description": "Oficinas Davivienda expedición cheque de Gerencia",
          "applies_tax": false,
          "frequency": "per_transaction",
          "rate": {
            "type": "fixed",
            "value": 0.0
          },
          "category": "traditional_services"
        },
        {
          "service_id": "branch",
          "description": "Oficinas Davivienda con tarjeta débito \n( diferente oficina de radicación)",
          "applies_tax": true,
          "frequency": "per_transaction",
          "rate": {
            "type": "fixed",
            "value": 16700.0
          },
          "category": "traditional_services"
        },
        {
          "service_id": "atm",
          "description": "Cajeros automaticos internacionales",
          "applies_tax": false,
          "frequency": "per_transaction",
          "rate": {
            "type": "fixed",
            "value": 20000.0
          },
          "category": "traditional_services"
        },
        {
          "service_id": "atm",
          "description": "Cajeros automaticos de otras entidades",
          "applies_tax": false,
          "frequency": "per_transaction",
          "rate": {
            "type": "fixed",
            "value": 7300.0
          },
          "category": "traditional_services"
        },
        {
          "service_id": "app_opening",
          "description": "Entre Cuentas Davivienda Propias y de Terceros desde APP Davivienda, Web Davivienda  ó Telefono Rojo",
          "applies_tax": false,
          "frequency": "per_transaction",
          "rate": {
            "type": "fixed",
            "value": 0.0
          },
          "category": "traditional_services"
        },
        {
          "service_id": "transfiya_transfer",
          "description": "Enviar Dinero Por Transfiya",
          "applies_tax": false,
          "frequency": "per_transaction",
          "rate": {
            "type": "fixed",
            "value": 0.0
          },
          "category": "traditional_services"
        },
        {
          "service_id": "keys_transfer",
          "description": "Enviar Dinero por transferir por llaves",
          "applies_tax": false,
          "frequency": "per_transaction",
          "rate": {
            "type": "fixed",
            "value": 0.0
          },
          "category": "traditional_services"
        },
        {
          "service_id": "ach_transfer",
          "description": "Enviar Dinero a otros Bancos por ACH",
          "applies_tax": true,
          "frequency": "per_transaction",
          "rate": {
            "type": "fixed",
            "value": 7510.0
          },
          "category": "traditional_services"
        },
        {
          "service_id": "branch",
          "description": "Viajeras En Oficinas Entre Cuentas Davivienda",
          "applies_tax": true,
          "frequency": "per_transaction",
          "rate": {
            "type": "fixed",
            "value": 15570.0
          },
          "category": "traditional_services"
        },
        {
          "service_id": "branch",
          "description": "Entre Cuentas Davivienda Propias y de Terceros en Oficinas",
          "applies_tax": true,
          "frequency": "per_transaction",
          "rate": {
            "type": "fixed",
            "value": 9980.0
          },
          "category": "traditional_services"
        },
        {
          "service_id": "transfer",
          "description": "Transferencias Internacionales En Dólares",
          "applies_tax": false,
          "frequency": "per_transaction",
          "rate": {
            "type": "fixed",
            "value": 20.0
          },
          "category": "traditional_services"
        },
        {
          "service_id": "transfer",
          "description": "Transferencias Internacionales En Divisas Diferentes A Usd O Jpy",
          "applies_tax": false,
          "frequency": "per_transaction",
          "rate": {
            "type": "fixed",
            "value": 30.0
          },
          "category": "traditional_services"
        },
        {
          "service_id": "transfer",
          "description": "Transferencias En Yenes",
          "applies_tax": false,
          "frequency": "per_transaction",
          "rate": {
            "type": "fixed",
            "value": 35.0
          },
          "category": "traditional_services"
        },
        {
          "service_id": "transfer",
          "description": "Transferencias Internacionales Recibidas: Negociadas",
          "applies_tax": false,
          "frequency": "per_transaction",
          "rate": {
            "type": "fixed",
            "value": 20.0
          },
          "category": "traditional_services"
        },
        {
          "service_id": "transfer",
          "description": "Transferencias Internacionales Recibidas: Abonadas Automáticamente",
          "applies_tax": false,
          "frequency": "per_transaction",
          "rate": {
            "type": "fixed",
            "value": 5.0
          },
          "category": "traditional_services"
        },
        {
          "service_id": "correspondent",
          "description": "Reparaciones, Enmiendas, Cancelaciones O Solicitud De Devolución. Los Gastos Cargados Por Los Bancos Corresponsales\nDerivados De Una Solicitud Adicional Del Ordenante, Deberán Ser Asumidos En Su Totalidad Por Este",
          "applies_tax": false,
          "frequency": "per_transaction",
          "rate": {
            "type": "text",
            "value": "USD COBRADO POR EL BANCO DEL EXTERIOR"
          },
          "category": "traditional_services"
        },
        {
          "service_id": "negociadas_intermediación",
          "description": "Negociadas (% intermediación)",
          "applies_tax": false,
          "frequency": "per_transaction",
          "rate": {
            "type": "fixed",
            "value": 1.8
          },
          "category": "traditional_services"
        },
        {
          "service_id": "cobro_intermediación",
          "description": "Al cobro (% intermediación)",
          "applies_tax": false,
          "frequency": "per_transaction",
          "rate": {
            "type": "fixed",
            "value": 1.4
          },
          "category": "traditional_services"
        },
        {
          "service_id": "portes",
          "description": "Portes",
          "applies_tax": false,
          "frequency": "per_transaction",
          "rate": {
            "type": "fixed",
            "value": 3300.0
          },
          "category": "traditional_services"
        },
        {
          "service_id": "app_opening",
          "description": "Desde (App Davivienda, Web Davivienda Telefono Rojo ó Chat)",
          "applies_tax": false,
          "frequency": "unknown",
          "rate": {
            "type": "fixed",
            "value": 0.0
          },
          "category": "traditional_services"
        },
        {
          "service_id": "branch",
          "description": "Desde Oficinas Davivienda",
          "applies_tax": false,
          "frequency": "unknown",
          "rate": {
            "type": "fixed",
            "value": 0.0
          },
          "category": "traditional_services"
        },
        {
          "service_id": "correspondent",
          "description": "Desde Corresponsales Bancarios",
          "applies_tax": false,
          "frequency": "unknown",
          "rate": {
            "type": "fixed",
            "value": 0.0
          },
          "category": "traditional_services"
        },
        {
          "service_id": "app_opening",
          "description": "Desde Billeteras Digitales Apple pay y Google Pay",
          "applies_tax": false,
          "frequency": "unknown",
          "rate": {
            "type": "fixed",
            "value": 0.0
          },
          "category": "traditional_services"
        },
        {
          "service_id": "tarjeta_débito",
          "description": "Tarjeta débito Digital ( Aplica unicamente para planes móviles)",
          "applies_tax": false,
          "frequency": "one_time",
          "rate": {
            "type": "fixed",
            "value": 0
          },
          "category": "traditional_services"
        },
        {
          "service_id": "tarjeta_débito",
          "description": "Tarjeta débito Fisica",
          "applies_tax": false,
          "frequency": "one_time",
          "rate": {
            "type": "fixed",
            "value": 0
          },
          "category": "traditional_services"
        },
        {
          "service_id": "checkbook",
          "description": "Talonario (20 volantes)",
          "applies_tax": false,
          "frequency": "on_demand",
          "rate": {
            "type": "fixed",
            "value": 128870
          },
          "category": "traditional_services"
        },
        {
          "service_id": "cashier_check",
          "description": "Chequera persona natural (30 cheques )",
          "applies_tax": false,
          "frequency": "on_demand",
          "rate": {
            "type": "fixed",
            "value": 194130
          },
          "category": "traditional_services"
        },
        {
          "service_id": "branch",
          "description": "Oficinas Davivienda",
          "applies_tax": false,
          "frequency": "on_demand",
          "rate": {
            "type": "fixed",
            "value": 16200
          },
          "category": "traditional_services"
        },
        {
          "service_id": "app_opening",
          "description": "APP Davivienda y Telefono Rojo",
          "applies_tax": false,
          "frequency": "on_demand",
          "rate": {
            "type": "fixed",
            "value": 14200
          },
          "category": "traditional_services"
        },
        {
          "service_id": "app_opening",
          "description": "APP Davivienda, Web Davivienda  y Chat ó Telefono Rojo",
          "applies_tax": false,
          "frequency": "per_transaction",
          "rate": {
            "type": "fixed",
            "value": 0.0
          },
          "category": "traditional_services"
        },
        {
          "service_id": "branch",
          "description": "Oficinas Davivienda",
          "applies_tax": false,
          "frequency": "per_transaction",
          "rate": {
            "type": "fixed",
            "value": 9100.0
          },
          "category": "traditional_services"
        },
        {
          "service_id": "app_opening",
          "description": "APP Davivienda, Web Davivienda  y Chat ó Telefono Rojo",
          "applies_tax": false,
          "frequency": "per_transaction",
          "rate": {
            "type": "fixed",
            "value": 0.0
          },
          "category": "traditional_services"
        },
        {
          "service_id": "branch",
          "description": "Oficinas  Davivienda",
          "applies_tax": false,
          "frequency": "per_transaction",
          "rate": {
            "type": "fixed",
            "value": 9100.0
          },
          "category": "traditional_services"
        },
        {
          "service_id": "app_opening",
          "description": "APP Davivienda, Web Davivienda  y Chat ó Telefono Rojo",
          "applies_tax": false,
          "frequency": "per_transaction",
          "rate": {
            "type": "fixed",
            "value": 0.0
          },
          "category": "traditional_services"
        },
        {
          "service_id": "branch",
          "description": "Oficinas  Davivienda",
          "applies_tax": false,
          "frequency": "per_transaction",
          "rate": {
            "type": "fixed",
            "value": 0.0
          },
          "category": "traditional_services"
        },
        {
          "service_id": "app_opening",
          "description": "Acceso A Nuestros Canales Virtuales (App Davivienda, Web Davivienda Telefono Rojo ó Chat)",
          "applies_tax": false,
          "frequency": "per_transaction",
          "rate": {
            "type": "fixed",
            "value": 0
          },
          "category": "traditional_services"
        },
        {
          "service_id": "servicio_alertas",
          "description": "Servicio de alertas y notificaciones",
          "applies_tax": false,
          "frequency": "per_transaction",
          "rate": {
            "type": "fixed",
            "value": 0
          },
          "category": "traditional_services"
        },
        {
          "service_id": "débito_automático",
          "description": "Débito automático",
          "applies_tax": false,
          "frequency": "per_transaction",
          "rate": {
            "type": "fixed",
            "value": 0
          },
          "category": "traditional_services"
        },
        {
          "service_id": "cambios_clave",
          "description": "Cambios de clave",
          "applies_tax": false,
          "frequency": "per_transaction",
          "rate": {
            "type": "fixed",
            "value": 0
          },
          "category": "traditional_services"
        },
        {
          "service_id": "domiciliación_servicios",
          "description": "Domiciliación de Servicios Publicos y Privados",
          "applies_tax": false,
          "frequency": "per_transaction",
          "rate": {
            "type": "fixed",
            "value": 0
          },
          "category": "traditional_services"
        },
        {
          "service_id": "personalización_límites",
          "description": "Personalización de límites Transaccionales en Web Davivienda",
          "applies_tax": false,
          "frequency": "per_transaction",
          "rate": {
            "type": "fixed",
            "value": 0
          },
          "category": "traditional_services"
        },
        {
          "service_id": "activación_utilización",
          "description": "Activación y utilización del  Bolsillo",
          "applies_tax": false,
          "frequency": "per_transaction",
          "rate": {
            "type": "fixed",
            "value": 0
          },
          "category": "traditional_services"
        },
        {
          "service_id": "copia_injustificada",
          "description": "Copia Injustificada De Voucher Débito O Crédito",
          "applies_tax": false,
          "frequency": "per_transaction",
          "rate": {
            "type": "fixed",
            "value": 44400
          },
          "category": "traditional_services"
        },
        {
          "service_id": "entrega_efectivo",
          "description": "Entrega De Efectivo A Domicilio *****",
          "applies_tax": false,
          "frequency": "per_transaction",
          "rate": {
            "type": "text",
            "value": "SEGÚN MONTO Y PLAZA"
          },
          "category": "traditional_services"
        },
        {
          "service_id": "portafolio_tradicional",
          "description": "Portafolio Tradicional",
          "applies_tax": false,
          "frequency": "unknown",
          "rate": {
            "type": "fixed",
            "value": 71100.0
          },
          "category": "traditional_services"
        },
        {
          "service_id": "portafolio_tradicional",
          "description": "Portafolio Tradicional Con Hipotecario",
          "applies_tax": false,
          "frequency": "unknown",
          "rate": {
            "type": "fixed",
            "value": 60300.0
          },
          "category": "traditional_services"
        },
        {
          "service_id": "portafolio_rural",
          "description": "Portafolio Rural",
          "applies_tax": false,
          "frequency": "unknown",
          "rate": {
            "type": "fixed",
            "value": 46550.0
          },
          "category": "traditional_services"
        },
        {
          "service_id": "portafolio_sin",
          "description": "Portafolio Sin Medios Transaccionales *",
          "applies_tax": false,
          "frequency": "unknown",
          "rate": {
            "type": "fixed",
            "value": 31850.0
          },
          "category": "traditional_services"
        },
        {
          "service_id": "portafolio_básico",
          "description": "Portafolio Básico (Crediexpress Rotativo + Cuenta De Ahorros)",
          "applies_tax": false,
          "frequency": "unknown",
          "rate": {
            "type": "fixed",
            "value": 28400.0
          },
          "category": "traditional_services"
        },
        {
          "service_id": "portafolios_rural",
          "description": "Portafolios Rural: Crediexpress Rotativo + Cta Ahorros + Tarj Débito",
          "applies_tax": false,
          "frequency": "unknown",
          "rate": {
            "type": "fixed",
            "value": 13550.0
          },
          "category": "traditional_services"
        },
        {
          "service_id": "portafolio_empleado",
          "description": "Portafolio Empleado Davivienda Y Grupo",
          "applies_tax": false,
          "frequency": "unknown",
          "rate": {
            "type": "fixed",
            "value": 0.0
          },
          "category": "traditional_services"
        },
        {
          "service_id": "portafolio_financiero",
          "description": "Portafolio Financiero\n(Crediexpress Rotativo + Cuenta De Ahorro + Cuenta Corriente Con Sobregiro + Tarjetas De Crédito Ilimitadas)",
          "applies_tax": false,
          "frequency": "unknown",
          "rate": {
            "type": "fixed",
            "value": 56700.0
          },
          "category": "traditional_services"
        },
        {
          "service_id": "portafolio_líder",
          "description": "Portafolio Líder",
          "applies_tax": false,
          "frequency": "unknown",
          "rate": {
            "type": "fixed",
            "value": 20.0
          },
          "category": "traditional_services"
        },
        {
          "service_id": "tarjeta_débito",
          "description": "Tarjeta Débito Integrante (Nivel 1)",
          "applies_tax": false,
          "frequency": "unknown",
          "rate": {
            "type": "fixed",
            "value": 20.0
          },
          "category": "traditional_services"
        },
        {
          "service_id": "integrante_nivel",
          "description": "Integrante (Nivel 1)",
          "applies_tax": false,
          "frequency": "unknown",
          "rate": {
            "type": "fixed",
            "value": 20.0
          },
          "category": "traditional_services"
        },
        {
          "service_id": "withdrawal",
          "description": "Deposito Ó Consignacion Nacional, Retiro Viajero En Oficina (Líder Y Nivel 1)",
          "applies_tax": false,
          "frequency": "unknown",
          "rate": {
            "type": "text",
            "value": "SIN COSTO"
          },
          "category": "traditional_services"
        },
        {
          "service_id": "transfer",
          "description": "Transferencias En Oficinas Cuenta A Cuenta Entre Ciudades (Líder Y Nivel1)",
          "applies_tax": false,
          "frequency": "unknown",
          "rate": {
            "type": "text",
            "value": "SIN COSTO"
          },
          "category": "traditional_services"
        }
      ]
    },
    "transfers": {
      "table_type": "transfers",
      "table_name": "TARIFAS_DESCRIPCIÓN",
      "source_position": {
        "sheet": "TARIFAS",
        "start_row": 27,
        "end_row": 34
      },
      "services": [
        {
          "service_id": "app_opening",
          "description": "Entre Cuentas Davivienda Propias,  de Terceros y Daviplata desde APP Davivienda, Web Davivienda  ó Telefono Rojo",
          "applies_tax": false,
          "frequency": "per_transaction",
          "rates": {},
          "category": "transfers"
        },
        {
          "service_id": "transfiya_transfer",
          "description": "Enviar Dinero a otros Bancos por Transfiya",
          "applies_tax": false,
          "frequency": "per_transaction",
          "rates": {},
          "category": "transfers"
        },
        {
          "service_id": "keys_transfer",
          "description": "Enviar Dinero por transferir por llaves",
          "applies_tax": false,
          "frequency": "per_transaction",
          "rates": {},
          "category": "transfers"
        },
        {
          "service_id": "ach_transfer",
          "description": "Enviar Dinero a otros Bancos por ACH",
          "applies_tax": true,
          "frequency": "per_transaction",
          "rates": {},
          "category": "transfers"
        },
        {
          "service_id": "branch",
          "description": "Viajeras en Oficinas Davivienda entre Cuentas Propias y de Terceros",
          "applies_tax": true,
          "frequency": "per_transaction",
          "rates": {},
          "category": "transfers"
        },
        {
          "service_id": "branch",
          "description": "Entre Cuentas Davivienda Propias y de Terceros en Oficinas",
          "applies_tax": true,
          "frequency": "per_transaction",
          "rates": {},
          "category": "transfers"
        }
      ]
    }
  }
}